iter	RMSE
0	0.9072646141
1	0.8971451426
2	0.8879735414
3	0.8785436772
4	0.8689664297
5	0.8615156551
6	0.8514984402
7	0.8401577245
8	0.832916083
9	0.8276988817
