metric,value
val_rmse,111566.45711471724
val_mae,96178.34019809545
val_mape,6.146949627167957
test_rmse,147824.00802014783
test_mae,124584.4042491788
test_mape,8.297406030426485
