{
  "run_id": "ab0ca8908a744a8f9a7061458f4101a8",
  "model": "XGBoost",
  "test_mape": 6.733455657958984,
  "test_rmse": 95974.1640625,
  "test_mae": 47263.37890625,
  "training_time": 0.347078800201416,
  "val_mape": 49.35148239135742
}
